<ImportExportXml xmlns:xsi="http://www.w3.org/2001/XMLSchema-instance">
  <Entities></Entities>
  <Roles></Roles>
  <Workflows></Workflows>
  <FieldSecurityProfiles></FieldSecurityProfiles>
  <Templates />
  <EntityMaps />
  <EntityRelationships />
  <OrganizationSettings />
  <optionsets />
  <CustomControls />
  <EntityDataProviders />
  <CanvasApps>
    <CanvasApp>
      <Name>cr5bc_reddogemployeeapp_5cfd7</Name>
      <AppVersion>2022-04-20T18:41:42Z</AppVersion>
      <Status>Ready</Status>
      <CreatedByClientVersion>3.22041.27.0</CreatedByClientVersion>
      <MinClientVersion>3.22041.27.0</MinClientVersion>
      <Tags>{"primaryDeviceWidth":"1366","primaryDeviceHeight":"768","sienaVersion":"20220321T150015Z-3.21083.28.0","deviceCapabilities":"","supportsPortrait":"false","supportsLandscape":"true","primaryFormFactor":"Tablet","publisherVersion":"3.22041.27","minimumRequiredApiVersion":"2.2.0","hasComponent":"false","hasUnlockedComponent":"false","isUnifiedRootApp":"false"}</Tags>
      <IsCdsUpgraded>0</IsCdsUpgraded>
      <GalleryItemId xsi:nil="true"></GalleryItemId>
      <BackgroundColor>rgba(220, 153, 153, 1)</BackgroundColor>
      <DisplayName>Red Dog Employee App</DisplayName>
      <Description xsi:nil="true"></Description>
      <CommitMessage xsi:nil="true"></CommitMessage>
      <Publisher></Publisher>
      <AuthorizationReferences>[]</AuthorizationReferences>
      <ConnectionReferences>{"a4f6d7bf-c3de-46dc-aff2-e18b63dd1c83":{"id":"/providers/microsoft.powerapps/apis/shared_excel","displayName":"Excel","iconUri":"https://connectoricons-prod.azureedge.net/releases/v1.0.1570/1.0.1570.2764/excel/icon.png","dataSources":["Customer","OrderItem","Order"],"dependencies":["7c2ff165-8434-458e-9f6e-4845d7d076f6"],"dependents":[],"parameterHints":{"7c2ff165-8434-458e-9f6e-4845d7d076f6":{"value":"fileSource"}},"parameterHintsV2":{"fileSource":{"value":"7c2ff165-8434-458e-9f6e-4845d7d076f6"}},"isOnPremiseConnection":false,"bypassConsent":false,"dataSets":{"b!xl3bS_reb0eMpcUaxvGB0a_w2Pklmz5DptQhX7E0FsBX6kkw9bftQpz5fI2bp4pI.01GF4A3VDURLYQPYCHJJCJERH3H3B2QWJQ":{"dataSources":{"Customer":{"tableName":"Customer"},"OrderItem":{"tableName":"OrderItem"},"Order":{"tableName":"Order"}}}},"apiTier":"Standard","actions":["providers/PowerPlatform.Governance/Operations/Read"]},"7c2ff165-8434-458e-9f6e-4845d7d076f6":{"id":"/providers/microsoft.powerapps/apis/shared_onedriveforbusiness","displayName":"OneDrive for Business","iconUri":"https://connectoricons-prod.azureedge.net/releases/v1.0.1546/1.0.1546.2665/onedriveforbusiness/icon.png","dataSources":[],"dependencies":[],"dependents":["a4f6d7bf-c3de-46dc-aff2-e18b63dd1c83"],"parameterHints":{},"parameterHintsV2":{},"isOnPremiseConnection":false,"bypassConsent":false,"dataSets":{},"apiTier":"Standard"}}</ConnectionReferences>
      <DatabaseReferences>{}</DatabaseReferences>
      <AppComponents>[]</AppComponents>
      <AppComponentDependencies>[]</AppComponentDependencies>
      <CanvasAppType>0</CanvasAppType>
      <BypassConsent>0</BypassConsent>
      <AdminControlBypassConsent>0</AdminControlBypassConsent>
      <EmbeddedApp xsi:nil="true"></EmbeddedApp>
      <IntroducedVersion>1.0</IntroducedVersion>
      <CdsDependencies>{"cdsdependencies":[]}</CdsDependencies>
      <IsCustomizable>1</IsCustomizable>
      <BackgroundImageUri>/CanvasApps/cr5bc_reddogemployeeapp_5cfd7_BackgroundImageUri</BackgroundImageUri>
      <DocumentUri>/CanvasApps/cr5bc_reddogemployeeapp_5cfd7_DocumentUri.msapp</DocumentUri>
    </CanvasApp>
    <CanvasApp>
      <Name>new_reddogcustomerkioskdrugstore_c4e74</Name>
      <AppVersion>2022-04-20T18:36:38Z</AppVersion>
      <Status>Ready</Status>
      <CreatedByClientVersion>3.22041.27.0</CreatedByClientVersion>
      <MinClientVersion>3.22041.27.0</MinClientVersion>
      <Tags>{"primaryDeviceWidth":"1366","primaryDeviceHeight":"768","sienaVersion":"20220420T183205Z-3.22041.27.0","deviceCapabilities":"","supportsPortrait":"false","supportsLandscape":"true","primaryFormFactor":"Tablet","publisherVersion":"3.22041.27","minimumRequiredApiVersion":"2.2.0","hasComponent":"false","hasUnlockedComponent":"false","isUnifiedRootApp":"false"}</Tags>
      <IsCdsUpgraded>0</IsCdsUpgraded>
      <GalleryItemId xsi:nil="true"></GalleryItemId>
      <BackgroundColor>rgba(0, 0, 0, 1)</BackgroundColor>
      <DisplayName>Red Dog Pharmacy Kiosk</DisplayName>
      <Description xsi:nil="true"></Description>
      <CommitMessage xsi:nil="true"></CommitMessage>
      <Publisher xsi:nil="true"></Publisher>
      <AuthorizationReferences>[]</AuthorizationReferences>
      <ConnectionReferences>{"83502a08-f77a-458c-b828-5c04e22f1667":{"id":"/providers/microsoft.powerapps/apis/shared_order-2dservice-20api-5f8f44dffdedfd83a8-5fa12cd9011a38530f","displayName":"Order-Service API","iconUri":"https://az787822.vo.msecnd.net/defaulticons/api-dedicated.png","dataSources":["RedDog.OrderService"],"dependencies":[],"dependents":[],"parameterHints":{},"parameterHintsV2":{},"isOnPremiseConnection":false,"bypassConsent":false,"dataSets":{},"apiTier":"Standard","actions":["getproduct","postorder"],"customApiLogicalName":"new_order-2dservice-20api","isCustomApiSolutionAware":true}}</ConnectionReferences>
      <DatabaseReferences>{}</DatabaseReferences>
      <AppComponents>[]</AppComponents>
      <AppComponentDependencies>[]</AppComponentDependencies>
      <CanvasAppType>0</CanvasAppType>
      <BypassConsent>0</BypassConsent>
      <AdminControlBypassConsent>0</AdminControlBypassConsent>
      <EmbeddedApp xsi:nil="true"></EmbeddedApp>
      <IntroducedVersion>1.0</IntroducedVersion>
      <CdsDependencies>{"cdsdependencies":[{"logicalname":"new_order-2dservice-20api","componenttype":372,"componenttypeplatformname":"connector"}]}</CdsDependencies>
      <IsCustomizable>1</IsCustomizable>
      <BackgroundImageUri>/CanvasApps/new_reddogcustomerkioskdrugstore_c4e74_BackgroundImageUri</BackgroundImageUri>
      <DocumentUri>/CanvasApps/new_reddogcustomerkioskdrugstore_c4e74_DocumentUri.msapp</DocumentUri>
    </CanvasApp>
  </CanvasApps>
  <Connectors>
    <Connector>
      <connectorid>32e107fd-8cba-4923-9b78-721d3376b7c5</connectorid>
      <description></description>
      <displayname>Order-Service API</displayname>
      <iconbrandcolor>#007ee5</iconbrandcolor>
      <name>new_order-2dservice-20api</name>
      <connectortype>1</connectortype>
      <openapidefinition>/Connector/new_order-2dservice-20api_openapidefinition.json</openapidefinition>
      <connectionparameters>/Connector/new_order-2dservice-20api_connectionparameters.json</connectionparameters>
      <policytemplateinstances>/Connector/new_order-2dservice-20api_policytemplateinstances.json</policytemplateinstances>
      <iconblob>/Connector/new_order-2dservice-20api_iconblob.Png</iconblob>
    </Connector>
  </Connectors>
  <connectionreferences>
    <connectionreference connectionreferencelogicalname="new_OneDriveConnectorReference">
      <connectionreferencedisplayname>OneDrive Connector Reference</connectionreferencedisplayname>
      <connectorid>/providers/Microsoft.PowerApps/apis/shared_onedriveforbusiness</connectorid>
      <iscustomizable>1</iscustomizable>
      <statecode>0</statecode>
      <statuscode>1</statuscode>
    </connectionreference>
  </connectionreferences>
  <Languages>
    <Language>1033</Language>
  </Languages>
</ImportExportXml>